Timestamp,IncomingTransactionCount,IncomingTPS
1771015132870,1000,1000
1771015133887,12000,12000
1771015134971,12000,12000
1771015136059,12000,12000
1771015137130,12000,12000
1771015138211,12000,12000
1771015139294,12000,12000
1771015140373,12000,12000
1771015141379,11000,11000
1771015142460,12000,12000
1771015143540,12000,12000
1771015144622,12000,12000
1771015145638,11000,11000
1771015146720,12000,12000
1771015147726,11000,11000
1771015148806,12000,12000
1771015149885,12000,12000
1771015150968,12000,12000
1771015152060,11000,11000
1771015153093,11000,11000
1771015154173,12000,12000
1771015155255,12000,12000
1771015156335,12000,12000
1771015157420,12000,12000
1771015158501,12000,12000
1771015159581,12000,12000
1771015160735,11000,11000
1771015161817,12000,12000
1771015162898,12000,12000
1771015163979,12000,12000
1771015165058,12000,12000
1771015166141,12000,12000
1771015167221,12000,12000
1771015168302,12000,12000
1771015169385,12000,12000
1771015170464,12000,12000
1771015171546,12000,12000
1771015172628,12000,12000
1771015173709,12000,12000
1771015174797,12000,12000
1771015175878,12000,12000
1771015176959,12000,12000
1771015178040,12000,12000
1771015179122,12000,12000
1771015180203,12000,12000
1771015181283,12000,12000
1771015182364,12000,12000
1771015183445,12000,12000
1771015184525,12000,12000
1771015185606,12000,12000
1771015186686,12000,12000
1771015187744,11000,11000
1771015188826,12000,12000
1771015189908,12000,12000
1771015190989,12000,12000
1771015192069,12000,12000
1771015193151,12000,12000
1771015194173,11000,11000
1771015195254,12000,12000
1771015196336,12000,12000
1771015197416,12000,12000
1771015198497,12000,12000
1771015199555,11000,11000
1771015200638,12000,12000
1771015201719,12000,12000
1771015202799,12000,12000
1771015203863,11000,11000
1771015204945,12000,12000
1771015206027,12000,12000
1771015207109,12000,12000
1771015208192,12000,12000
1771015209273,12000,12000
1771015210353,12000,12000
1771015211433,12000,12000
1771015212514,12000,12000
