Timestamp,WC1,WC2,TotalInBatch
1771015132890,813,187,1000
1771015132963,793,392,1185
1771015132992,149,207,356
1771015133037,809,298,1107
1771015133084,930,403,1333
1771015133134,188,212,400
1771015133189,787,333,1120
1771015133233,123,213,336
1771015133293,781,320,1101
1771015133334,112,219,331
1771015133388,813,287,1100
1771015133432,143,187,330
1771015133487,800,300,1100
1771015133535,955,375,1330
1771015133587,225,175,400
1771015133636,813,307,1120
1771015133682,149,187,336
1771015133733,0,101,101
1771015133786,800,200,1000
1771015133833,816,382,1198
1771015133883,176,184,360
1771015133937,799,310,1109
1771015133984,929,404,1333
1771015134034,197,203,400
1771015134087,786,334,1120
1771015134133,122,214,336
1771015134188,805,296,1101
1771015134233,136,195,331
1771015134288,788,312,1100
1771015134335,118,212,330
1771015134388,795,305,1100
1771015134437,918,412,1330
1771015134484,193,207,400
1771015134539,787,333,1120
1771015134601,123,213,336
1771015134636,779,322,1101
1771015134682,110,221,331
1771015134737,812,288,1100
1771015134783,142,188,330
1771015134837,806,294,1100
1771015134883,136,194,330
1771015134937,798,302,1100
1771015134986,959,371,1330
1771015135034,231,169,400
1771015135087,784,336,1120
1771015135135,120,216,336
1771015135187,798,303,1101
1771015135235,129,202,331
1771015135287,792,308,1100
1771015135333,122,208,330
1771015135385,799,301,1100
1771015135436,961,369,1330
1771015135483,232,168,400
1771015135536,823,297,1120
1771015135583,159,177,336
1771015135636,805,296,1101
1771015135684,136,195,331
1771015135736,787,313,1100
1771015135783,117,213,330
1771015135844,810,290,1100
1771015135884,920,410,1330
1771015135933,180,220,400
1771015135987,809,311,1120
1771015136034,145,191,336
1771015136087,808,293,1101
1771015136133,139,192,331
1771015136186,810,290,1100
1771015136234,140,190,330
1771015136286,802,298,1100
1771015136337,929,401,1330
1771015136385,197,203,400
1771015136437,780,340,1120
1771015136485,116,220,336
1771015136538,790,311,1101
1771015136584,121,210,331
1771015136638,802,298,1100
1771015136684,132,198,330
1771015136736,796,304,1100
1771015136786,917,413,1330
1771015136834,191,209,400
1771015136884,812,308,1120
1771015136934,148,188,336
1771015136984,791,310,1101
1771015137034,0,150,150
1771015137085,805,240,1045
1771015137133,0,67,67
1771015137185,786,235,1021
1771015137234,0,63,63
1771015137286,757,262,1019
1771015137333,805,288,1093
1771015137385,0,116,116
1771015137436,793,242,1035
1771015137485,0,65,65
1771015137536,797,223,1020
1771015137586,0,45,45
1771015137636,803,211,1014
1771015137686,798,232,1030
1771015137786,814,186,1000
1771015137887,818,182,1000
1771015137988,785,215,1000
1771015138089,800,200,1000
1771015138137,801,199,1000
1771015138239,822,178,1000
1771015138338,799,201,1000
1771015138439,810,190,1000
1771015138538,814,186,1000
1771015138588,798,202,1000
1771015138689,814,186,1000
1771015138789,812,188,1000
1771015138889,802,198,1000
1771015138992,818,182,1000
1771015139040,790,210,1000
1771015139140,806,194,1000
1771015139241,783,217,1000
1771015139340,811,189,1000
1771015139440,776,224,1000
1771015139490,792,208,1000
1771015139584,803,197,1000
1771015139684,803,197,1000
1771015139784,795,205,1000
1771015139884,815,185,1000
1771015139934,804,196,1000
1771015140036,817,183,1000
1771015140135,808,192,1000
1771015140236,820,180,1000
1771015140336,782,218,1000
1771015140385,785,215,1000
1771015140486,793,207,1000
1771015140591,809,191,1000
1771015140687,798,202,1000
1771015140787,800,200,1000
1771015140838,797,203,1000
1771015140937,793,207,1000
1771015141032,798,202,1000
1771015141134,811,189,1000
1771015141234,801,199,1000
1771015141334,788,212,1000
1771015141434,798,202,1000
1771015141484,781,219,1000
1771015141585,816,184,1000
1771015141686,798,202,1000
1771015141785,821,179,1000
1771015141886,792,208,1000
1771015141936,775,225,1000
1771015142036,806,194,1000
1771015142136,796,204,1000
1771015142236,803,197,1000
1771015142337,813,187,1000
1771015142387,799,201,1000
1771015142487,803,197,1000
1771015142587,808,192,1000
1771015142684,803,197,1000
1771015142784,803,197,1000
1771015142835,796,204,1000
1771015142935,818,182,1000
1771015143035,824,176,1000
1771015143135,794,206,1000
1771015143236,791,209,1000
1771015143286,767,233,1000
1771015143386,802,198,1000
1771015143486,797,203,1000
1771015143587,778,222,1000
1771015143687,808,192,1000
1771015143737,780,220,1000
1771015143838,800,200,1000
1771015143937,802,198,1000
1771015144034,797,203,1000
1771015144134,802,198,1000
1771015144184,802,198,1000
1771015144285,781,219,1000
1771015144385,811,189,1000
1771015144486,780,220,1000
1771015144586,808,192,1000
1771015144636,824,176,1000
1771015144736,813,187,1000
1771015144837,811,189,1000
1771015144937,787,213,1000
1771015145037,801,199,1000
1771015145133,823,177,1000
1771015145235,788,212,1000
1771015145284,786,214,1000
1771015145384,803,197,1000
1771015145485,810,190,1000
1771015145584,805,195,1000
1771015145685,808,192,1000
1771015145735,805,195,1000
1771015145836,795,205,1000
1771015145936,796,204,1000
1771015146037,803,197,1000
1771015146136,801,199,1000
1771015146186,815,185,1000
1771015146287,808,192,1000
1771015146387,806,194,1000
1771015146488,797,203,1000
1771015146588,789,211,1000
1771015146638,802,198,1000
1771015146738,789,211,1000
1771015146839,772,228,1000
1771015146939,777,223,1000
1771015147039,797,203,1000
1771015147139,791,209,1000
1771015147189,812,188,1000
1771015147289,793,207,1000
1771015147389,805,195,1000
1771015147489,792,208,1000
1771015147590,802,198,1000
1771015147644,800,200,1000
1771015147740,774,226,1000
1771015147834,797,203,1000
1771015147953,814,186,1000
1771015148034,779,221,1000
1771015148134,810,190,1000
1771015148186,786,214,1000
1771015148285,779,221,1000
1771015148386,803,197,1000
1771015148486,806,194,1000
1771015148587,795,205,1000
1771015148636,815,185,1000
1771015148737,804,196,1000
1771015148837,795,205,1000
1771015148938,793,207,1000
1771015149038,787,213,1000
1771015149087,788,212,1000
1771015149188,772,228,1000
1771015149289,826,174,1000
1771015149388,796,204,1000
1771015149494,809,191,1000
1771015149533,794,206,1000
1771015149661,815,185,1000
1771015149734,795,205,1000
1771015149834,797,203,1000
1771015149938,774,226,1000
1771015149985,795,205,1000
1771015150085,795,205,1000
1771015150185,812,188,1000
1771015150286,808,192,1000
1771015150385,792,208,1000
1771015150435,798,202,1000
1771015150536,788,212,1000
1771015150627,808,192,1000
1771015150750,788,212,1000
1771015150837,796,204,1000
1771015150886,790,210,1000
1771015150983,805,195,1000
1771015151084,810,190,1000
1771015151184,818,182,1000
1771015151285,808,192,1000
1771015151334,795,205,1000
1771015151435,800,200,1000
1771015151536,808,192,1000
1771015151636,798,202,1000
1771015151736,815,185,1000
1771015151836,824,176,1000
1771015151888,817,183,1000
1771015151987,790,210,1000
1771015152082,804,196,1000
1771015152184,797,203,1000
1771015152284,800,200,1000
1771015152384,806,194,1000
1771015152435,794,206,1000
1771015152583,789,211,1000
1771015152684,801,199,1000
1771015152784,814,186,1000
1771015152834,807,193,1000
1771015152934,790,210,1000
1771015153035,791,209,1000
1771015153135,819,181,1000
1771015153236,793,207,1000
1771015153285,787,213,1000
1771015153386,791,209,1000
1771015153486,779,221,1000
1771015153586,783,217,1000
1771015153686,806,194,1000
1771015153736,812,188,1000
1771015153837,789,211,1000
1771015153937,800,200,1000
1771015154038,799,201,1000
1771015154138,786,214,1000
1771015154188,827,173,1000
1771015154288,785,215,1000
1771015154388,773,227,1000
1771015154489,825,175,1000
1771015154590,779,221,1000
1771015154639,814,186,1000
1771015154738,809,191,1000
1771015154839,794,206,1000
1771015154939,794,206,1000
1771015155039,809,191,1000
1771015155089,787,213,1000
1771015155191,797,203,1000
1771015155291,780,220,1000
1771015155392,805,195,1000
1771015155492,820,180,1000
1771015155542,791,209,1000
1771015155643,787,213,1000
1771015155743,808,192,1000
1771015155843,810,190,1000
1771015155943,807,193,1000
1771015155991,798,202,1000
1771015156093,821,179,1000
1771015156194,823,177,1000
1771015156295,787,213,1000
1771015156396,794,206,1000
1771015156441,800,200,1000
1771015156544,800,200,1000
1771015156645,805,195,1000
1771015156747,818,182,1000
1771015156844,782,218,1000
1771015156893,812,188,1000
1771015157006,792,208,1000
1771015157094,784,216,1000
1771015157241,808,192,1000
1771015157258,805,195,1000
1771015157345,797,203,1000
1771015157445,812,188,1000
1771015157546,795,205,1000
1771015157646,790,210,1000
1771015157746,800,200,1000
1771015157846,811,189,1000
1771015157895,790,210,1000
1771015157997,796,204,1000
1771015158097,802,198,1000
1771015158198,799,201,1000
1771015158296,809,191,1000
1771015158346,789,211,1000
1771015158448,787,213,1000
1771015158547,800,200,1000
1771015158647,805,195,1000
1771015158747,784,216,1000
1771015158797,827,173,1000
1771015158896,805,195,1000
1771015158998,806,194,1000
1771015159097,803,197,1000
1771015159197,796,204,1000
1771015159247,805,195,1000
1771015159347,790,210,1000
1771015159447,808,192,1000
1771015159547,791,209,1000
1771015159647,801,199,1000
1771015159696,789,211,1000
1771015159797,795,205,1000
1771015159898,789,211,1000
1771015159997,780,220,1000
1771015160098,814,186,1000
1771015160146,801,199,1000
1771015160248,785,215,1000
1771015160347,789,211,1000
1771015160447,806,194,1000
1771015160546,816,184,1000
1771015160594,795,205,1000
1771015160782,822,178,1000
1771015160834,810,190,1000
1771015160934,818,182,1000
1771015161034,806,194,1000
1771015161135,811,189,1000
1771015161234,808,192,1000
1771015161285,794,206,1000
1771015161386,812,188,1000
1771015161486,793,207,1000
1771015161585,801,199,1000
1771015161686,816,184,1000
1771015161736,811,189,1000
1771015161836,786,214,1000
1771015161937,799,201,1000
1771015162037,789,211,1000
1771015162138,806,194,1000
1771015162188,786,214,1000
1771015162288,792,208,1000
1771015162389,816,184,1000
1771015162490,802,198,1000
1771015162589,788,212,1000
1771015162639,794,206,1000
1771015162740,797,203,1000
1771015162840,814,186,1000
1771015162940,806,194,1000
1771015163043,794,206,1000
1771015163090,789,211,1000
1771015163191,797,203,1000
1771015163292,796,204,1000
1771015163391,815,185,1000
1771015163492,794,206,1000
1771015163542,792,208,1000
1771015163643,817,183,1000
1771015163742,798,202,1000
1771015163843,816,184,1000
1771015163943,813,187,1000
1771015164044,811,189,1000
1771015164093,792,208,1000
1771015164194,802,198,1000
1771015164294,794,206,1000
1771015164427,793,207,1000
1771015164443,807,193,1000
1771015164534,791,209,1000
1771015164646,806,194,1000
1771015164735,783,217,1000
1771015164834,800,200,1000
1771015164885,806,194,1000
1771015164985,817,183,1000
1771015165085,814,186,1000
1771015165186,809,191,1000
1771015165286,801,199,1000
1771015165336,822,178,1000
1771015165436,814,186,1000
1771015165536,780,220,1000
1771015165638,825,175,1000
1771015165737,791,209,1000
1771015165865,808,192,1000
1771015165887,793,207,1000
1771015165987,805,195,1000
1771015166088,788,212,1000
1771015166189,802,198,1000
1771015166289,797,203,1000
1771015166339,794,206,1000
1771015166439,807,193,1000
1771015166539,796,204,1000
1771015166640,821,179,1000
1771015166740,789,211,1000
1771015166789,793,207,1000
1771015166890,814,186,1000
1771015166990,779,221,1000
1771015167091,789,211,1000
1771015167191,786,214,1000
1771015167240,788,212,1000
1771015167341,808,192,1000
1771015167442,805,195,1000
1771015167543,808,192,1000
1771015167643,806,194,1000
1771015167693,811,189,1000
1771015167794,786,214,1000
1771015167896,799,201,1000
1771015167996,790,210,1000
1771015168095,800,200,1000
1771015168145,795,205,1000
1771015168246,810,190,1000
1771015168346,816,184,1000
1771015168447,790,210,1000
1771015168606,1617,383,2000
1771015168696,818,182,1000
1771015168798,781,219,1000
1771015168898,800,200,1000
1771015168997,809,191,1000
1771015169046,825,175,1000
1771015169149,804,196,1000
1771015169294,793,207,1000
1771015169305,811,189,1000
1771015169434,792,208,1000
1771015169484,804,196,1000
1771015169584,822,178,1000
1771015169685,819,181,1000
1771015169785,797,203,1000
1771015169885,794,206,1000
1771015169935,809,191,1000
1771015170036,798,202,1000
1771015170136,808,192,1000
1771015170236,794,206,1000
1771015170336,807,193,1000
1771015170387,795,205,1000
1771015170487,817,183,1000
1771015170587,789,211,1000
1771015170687,769,231,1000
1771015170787,793,207,1000
1771015170837,815,185,1000
1771015170938,794,206,1000
1771015171038,802,198,1000
1771015171139,774,226,1000
1771015171239,829,171,1000
1771015171288,808,192,1000
1771015171389,810,190,1000
1771015171489,794,206,1000
1771015171590,795,205,1000
1771015171690,789,211,1000
1771015171740,812,188,1000
1771015171840,781,219,1000
1771015171942,807,193,1000
1771015172041,796,204,1000
1771015172142,789,211,1000
1771015172192,788,212,1000
1771015172293,803,197,1000
1771015172394,807,193,1000
1771015172494,801,199,1000
1771015172594,783,217,1000
1771015172643,786,214,1000
1771015172744,809,191,1000
1771015172844,822,178,1000
1771015172944,810,190,1000
1771015173045,804,196,1000
1771015173095,799,201,1000
1771015173196,789,211,1000
1771015173297,797,203,1000
1771015173395,807,193,1000
1771015173496,819,181,1000
1771015173547,817,183,1000
1771015173648,785,215,1000
1771015173748,808,192,1000
1771015173849,787,213,1000
1771015173948,801,199,1000
1771015174049,817,183,1000
1771015174098,798,202,1000
1771015174171,772,228,1000
1771015174284,787,213,1000
1771015174385,812,188,1000
1771015174485,804,196,1000
1771015174534,824,176,1000
1771015174635,806,194,1000
1771015174735,823,177,1000
1771015174836,806,194,1000
1771015174936,834,166,1000
1771015174986,780,220,1000
1771015175086,788,212,1000
1771015175187,785,215,1000
1771015175287,783,217,1000
1771015175387,813,187,1000
1771015175437,802,198,1000
1771015175538,790,210,1000
1771015175638,787,213,1000
1771015175738,814,186,1000
1771015175838,783,217,1000
1771015175938,799,201,1000
1771015175988,807,193,1000
1771015176089,824,176,1000
1771015176189,786,214,1000
1771015176289,783,217,1000
1771015176339,800,200,1000
1771015176440,810,190,1000
1771015176540,804,196,1000
1771015176641,799,201,1000
1771015176741,790,210,1000
1771015176791,817,183,1000
1771015176892,801,199,1000
1771015176992,799,201,1000
1771015177092,800,200,1000
1771015177193,805,195,1000
1771015177243,794,206,1000
1771015177344,803,197,1000
1771015177444,816,184,1000
1771015177544,813,187,1000
1771015177645,787,213,1000
1771015177745,784,216,1000
1771015177795,781,219,1000
1771015177896,819,181,1000
1771015177996,802,198,1000
1771015178096,827,173,1000
1771015178196,796,204,1000
1771015178246,793,207,1000
1771015178347,805,195,1000
1771015178447,801,199,1000
1771015178559,796,204,1000
1771015178582,803,197,1000
1771015178684,795,205,1000
1771015178785,789,211,1000
1771015178885,783,217,1000
1771015178985,814,186,1000
1771015179085,803,197,1000
1771015179135,799,201,1000
1771015179237,784,216,1000
1771015179336,805,195,1000
1771015179436,815,185,1000
1771015179536,800,200,1000
1771015179586,803,197,1000
1771015179686,800,200,1000
1771015179787,792,208,1000
1771015179887,813,187,1000
1771015179988,800,200,1000
1771015180038,801,199,1000
1771015180138,794,206,1000
1771015180239,815,185,1000
1771015180339,791,209,1000
1771015180439,810,190,1000
1771015180488,770,230,1000
1771015180589,803,197,1000
1771015180689,822,178,1000
1771015180790,797,203,1000
1771015180890,804,196,1000
1771015180939,780,220,1000
1771015181040,805,195,1000
1771015181141,812,188,1000
1771015181242,793,207,1000
1771015181342,781,219,1000
1771015181392,817,183,1000
1771015181492,801,199,1000
1771015181592,798,202,1000
1771015181693,804,196,1000
1771015181793,791,209,1000
1771015181843,810,190,1000
1771015181944,804,196,1000
1771015182044,806,194,1000
1771015182143,786,214,1000
1771015182244,792,208,1000
1771015182294,804,196,1000
1771015182395,794,206,1000
1771015182495,792,208,1000
1771015182595,812,188,1000
1771015182695,816,184,1000
1771015182745,781,219,1000
1771015182846,804,196,1000
1771015182945,809,191,1000
1771015183046,787,213,1000
1771015183147,785,215,1000
1771015183197,799,201,1000
1771015183297,800,200,1000
1771015183399,811,189,1000
1771015183498,290,710,1000
1771015183599,300,700,1000
1771015183648,325,675,1000
1771015183748,315,685,1000
1771015183845,262,738,1000
1771015183947,290,710,1000
1771015184048,302,698,1000
1771015184098,291,709,1000
1771015184198,283,717,1000
1771015184298,332,668,1000
1771015184398,290,710,1000
1771015184499,284,716,1000
1771015184547,291,709,1000
1771015184649,297,703,1000
1771015184749,283,717,1000
1771015184849,291,709,1000
1771015184949,282,718,1000
1771015184998,284,716,1000
1771015185099,337,663,1000
1771015185199,289,711,1000
1771015185299,303,697,1000
1771015185399,295,705,1000
1771015185449,292,708,1000
1771015185550,313,687,1000
1771015185650,289,711,1000
1771015185749,305,695,1000
1771015185850,300,700,1000
1771015185898,298,702,1000
1771015185999,276,724,1000
1771015186100,294,706,1000
1771015186200,312,688,1000
1771015186299,294,706,1000
1771015186349,314,686,1000
1771015186449,304,696,1000
1771015186551,289,711,1000
1771015186649,312,688,1000
1771015186749,302,698,1000
1771015186882,312,688,1000
1771015186984,313,687,1000
1771015187034,288,712,1000
1771015187134,293,707,1000
1771015187235,279,721,1000
1771015187335,294,706,1000
1771015187436,270,730,1000
1771015187486,262,738,1000
1771015187586,314,686,1000
1771015187686,274,726,1000
1771015187786,303,697,1000
1771015187886,320,680,1000
1771015187936,273,727,1000
1771015188037,288,712,1000
1771015188137,285,715,1000
1771015188239,306,694,1000
1771015188339,321,679,1000
1771015188388,287,713,1000
1771015188489,285,715,1000
1771015188589,292,708,1000
1771015188690,280,720,1000
1771015188790,317,683,1000
1771015188840,325,675,1000
1771015188940,295,705,1000
1771015189041,304,696,1000
1771015189141,333,667,1000
1771015189240,279,721,1000
1771015189290,300,700,1000
1771015189390,328,672,1000
1771015189491,320,680,1000
1771015189592,298,702,1000
1771015189694,313,687,1000
1771015189743,321,679,1000
1771015189844,322,678,1000
1771015189944,290,710,1000
1771015190045,290,710,1000
1771015190145,317,683,1000
1771015190195,283,717,1000
1771015190296,309,691,1000
1771015190396,306,694,1000
1771015190497,321,679,1000
1771015190598,291,709,1000
1771015190646,316,684,1000
1771015190747,315,685,1000
1771015190848,287,713,1000
1771015190948,294,706,1000
1771015191048,319,681,1000
1771015191097,304,696,1000
1771015191198,313,687,1000
1771015191299,283,717,1000
1771015191398,346,654,1000
1771015191499,305,695,1000
1771015191549,313,687,1000
1771015191649,299,701,1000
1771015191750,280,720,1000
1771015191851,292,708,1000
1771015191950,323,677,1000
1771015191999,305,695,1000
1771015192101,312,688,1000
1771015192201,289,711,1000
1771015192301,302,698,1000
1771015192401,289,711,1000
1771015192502,302,698,1000
1771015192549,292,708,1000
1771015192651,292,708,1000
1771015192751,297,703,1000
1771015192852,329,671,1000
1771015192952,279,721,1000
1771015193003,303,697,1000
1771015193101,317,683,1000
1771015193201,294,706,1000
1771015193301,297,703,1000
1771015193461,320,680,1000
1771015193473,308,692,1000
1771015193584,324,676,1000
1771015193684,317,683,1000
1771015193734,291,709,1000
1771015193834,298,702,1000
1771015193935,307,693,1000
1771015194035,283,717,1000
1771015194135,292,708,1000
1771015194185,294,706,1000
1771015194286,304,696,1000
1771015194386,322,678,1000
1771015194487,301,699,1000
1771015194587,294,706,1000
1771015194637,320,680,1000
1771015194738,321,679,1000
1771015194838,317,683,1000
1771015194939,294,706,1000
1771015195039,294,706,1000
1771015195088,297,703,1000
1771015195189,304,696,1000
1771015195289,276,724,1000
1771015195390,300,700,1000
1771015195490,306,694,1000
1771015195540,302,698,1000
1771015195641,331,669,1000
1771015195741,317,683,1000
1771015195841,281,719,1000
1771015195942,279,721,1000
1771015195992,314,686,1000
1771015196092,324,676,1000
1771015196217,288,712,1000
1771015196293,325,675,1000
1771015196394,287,713,1000
1771015196444,329,671,1000
1771015196544,313,687,1000
1771015196645,288,712,1000
1771015196745,313,687,1000
1771015196845,307,693,1000
1771015196894,288,712,1000
1771015196996,311,689,1000
1771015197096,291,709,1000
1771015197197,284,716,1000
1771015197297,296,704,1000
1771015197345,289,711,1000
1771015197448,314,686,1000
1771015197548,289,711,1000
1771015197649,284,716,1000
1771015197749,296,704,1000
1771015197802,290,710,1000
1771015197899,315,685,1000
1771015197999,315,685,1000
1771015198100,284,716,1000
1771015198200,287,713,1000
1771015198249,321,679,1000
1771015198350,310,690,1000
1771015198450,314,686,1000
1771015198551,278,722,1000
1771015198651,288,712,1000
1771015198698,294,706,1000
1771015198883,307,693,1000
1771015198933,307,693,1000
1771015199034,320,680,1000
1771015199134,278,722,1000
1771015199235,305,695,1000
1771015199335,288,712,1000
1771015199385,305,695,1000
1771015199486,297,703,1000
1771015199586,308,692,1000
1771015199686,288,712,1000
1771015199787,288,712,1000
1771015199837,285,715,1000
1771015199939,307,693,1000
1771015200037,311,689,1000
1771015200137,304,696,1000
1771015200238,328,672,1000
1771015200286,317,683,1000
1771015200388,303,697,1000
1771015200489,260,740,1000
1771015200589,307,693,1000
1771015200690,311,689,1000
1771015200739,293,707,1000
1771015200840,316,684,1000
1771015200940,304,696,1000
1771015201040,280,720,1000
1771015201141,307,693,1000
1771015201190,274,726,1000
1771015201291,305,695,1000
1771015201391,295,705,1000
1771015201492,308,692,1000
1771015201592,291,709,1000
1771015201642,296,704,1000
1771015201743,293,707,1000
1771015201844,285,715,1000
1771015201944,300,700,1000
1771015202044,284,716,1000
1771015202093,286,714,1000
1771015202195,280,720,1000
1771015202295,308,692,1000
1771015202396,270,730,1000
1771015202495,316,684,1000
1771015202545,311,689,1000
1771015202645,309,691,1000
1771015202747,307,693,1000
1771015202846,296,704,1000
1771015202947,320,680,1000
1771015203082,303,697,1000
1771015203184,293,707,1000
1771015203284,293,707,1000
1771015203334,302,698,1000
1771015203435,304,696,1000
1771015203535,295,705,1000
1771015203635,278,722,1000
1771015203735,305,695,1000
1771015203785,301,699,1000
1771015203886,276,724,1000
1771015203986,336,664,1000
1771015204087,295,705,1000
1771015204380,888,2112,3000
1771015204437,262,738,1000
1771015204538,322,678,1000
1771015204638,291,709,1000
1771015204687,285,715,1000
1771015204738,0,204,204
1771015204787,303,759,1062
1771015204837,0,319,319
1771015204888,303,793,1096
1771015204938,0,329,329
1771015204988,292,807,1099
1771015205039,0,330,330
1771015205089,288,812,1100
1771015205139,316,1014,1330
1771015205189,0,400,400
1771015205239,321,799,1120
1771015205289,0,336,336
1771015205339,282,819,1101
1771015205389,0,331,331
1771015205439,285,815,1100
1771015205490,0,330,330
1771015205540,307,793,1100
1771015205591,330,1000,1330
1771015205641,0,400,400
1771015205691,301,819,1120
1771015205741,0,336,336
1771015205791,292,809,1101
1771015205841,0,331,331
1771015205892,301,799,1100
1771015205942,0,330,330
1771015206028,287,813,1100
1771015206035,313,1017,1330
1771015206084,0,400,400
1771015206134,288,832,1120
1771015206183,0,336,336
1771015206234,290,811,1101
1771015206284,0,331,331
1771015206334,301,799,1100
1771015206384,0,330,330
1771015206434,296,804,1100
1771015206485,321,1009,1330
1771015206535,0,400,400
1771015206585,317,803,1120
1771015206635,0,336,336
1771015206686,319,782,1101
1771015206736,0,331,331
1771015206786,312,788,1100
1771015206836,0,330,330
1771015206886,313,787,1100
1771015206936,287,1043,1330
1771015206986,0,400,400
1771015207036,318,802,1120
1771015207086,0,336,336
1771015207137,284,716,1000
1771015207187,0,300,300
1771015207283,316,684,1000
1771015207300,303,997,1300
1771015207332,0,391,391
1771015207435,343,657,1000
1771015207485,298,1002,1300
1771015207585,308,692,1000
1771015207686,319,681,1000
1771015207786,285,715,1000
1771015207886,289,711,1000
1771015207936,284,716,1000
1771015208037,269,731,1000
1771015208137,296,704,1000
1771015208237,327,673,1000
1771015208338,284,716,1000
1771015208387,307,693,1000
1771015208488,323,677,1000
1771015208589,311,689,1000
1771015208689,299,701,1000
1771015208789,304,696,1000
1771015208839,287,713,1000
1771015208939,331,669,1000
1771015209040,294,706,1000
1771015209140,296,704,1000
1771015209240,291,709,1000
1771015209290,304,696,1000
1771015209391,301,699,1000
1771015209491,298,702,1000
1771015209591,291,709,1000
1771015209691,294,706,1000
1771015209741,291,709,1000
1771015209842,281,719,1000
1771015209942,337,663,1000
1771015210043,297,703,1000
1771015210143,344,656,1000
1771015210193,315,685,1000
1771015210293,300,700,1000
1771015210394,294,706,1000
1771015210494,298,702,1000
1771015210595,294,706,1000
1771015210644,305,695,1000
1771015210745,324,676,1000
1771015210846,295,705,1000
1771015210946,286,714,1000
1771015211046,310,690,1000
1771015211096,300,700,1000
1771015211196,291,709,1000
1771015211297,305,695,1000
1771015211397,323,677,1000
1771015211497,287,713,1000
1771015211547,295,705,1000
1771015211647,282,718,1000
1771015211747,300,700,1000
1771015211848,311,689,1000
1771015211948,307,693,1000
1771015211996,299,701,1000
1771015212099,290,710,1000
1771015212203,335,665,1000
1771015212324,319,681,1000
1771015212384,297,703,1000
1771015212434,294,706,1000
1771015212534,313,687,1000
1771015212635,294,706,1000
1771015212735,286,714,1000
1771015212835,311,689,1000
1771015212885,289,711,1000
1771015212986,282,718,1000
1771015213086,298,702,1000
1771015213186,292,708,1000
1771015213287,302,698,1000
1771015213336,311,689,1000
