Timestamp,WC1_TPS,WC2_TPS,SystemTPS
1771015132890,0.00,0.00,0.00
1771015132963,163.00,0.00,162.00
1771015132992,328.00,0.00,291.00
1771015133037,378.00,0.00,321.00
1771015133084,533.00,0.00,454.00
1771015133134,720.00,0.00,603.00
1771015133189,776.00,200.00,678.00
1771015133233,932.00,200.00,810.00
1771015133293,979.00,400.00,876.00
1771015133334,1133.00,400.00,1010.00
1771015133388,1180.00,600.00,1071.00
1771015133432,1334.00,800.00,1247.00
1771015133487,1380.00,800.00,1276.00
1771015133535,1534.00,1000.00,1452.00
1771015133587,1720.00,1000.00,1598.00
1771015133636,1776.00,1200.00,1687.00
1771015133682,1932.00,1400.00,1857.00
1771015133733,1979.00,1400.00,1887.00
1771015133786,2000.00,1600.00,1927.00
1771015133833,2160.00,1800.00,2122.00
1771015133883,2328.00,1800.00,2250.00
1771015133937,2378.00,2000.00,2323.00
1771015133984,2533.00,2200.00,2496.00
1771015134035,2720.00,2200.00,2643.00
1771015134087,2776.00,2400.00,2719.00
1771015134133,2932.00,2400.00,2852.00
1771015134188,2979.00,2600.00,2916.00
1771015134233,3133.00,2800.00,3091.00
1771015134288,3180.00,2800.00,3118.00
1771015134335,3334.00,3000.00,3295.00
1771015134388,3380.00,3200.00,3357.00
1771015134437,3534.00,3200.00,3491.00
1771015134484,3720.00,3400.00,3679.00
1771015134539,3776.00,3600.00,3717.00
1771015134601,3932.00,3600.00,3891.00
1771015134636,3979.00,3800.00,3957.00
1771015134682,4133.00,3801.00,4091.00
1771015134737,4180.00,4000.00,4155.00
1771015134783,4334.00,4180.00,4314.00
1771015134837,4380.00,4183.00,4342.00
1771015134883,4534.00,4380.00,4514.00
1771015134938,4580.00,4580.00,4562.00
1771015134986,4734.00,4580.00,4714.00
1771015135035,4920.00,4734.00,4879.00
1771015135087,4976.00,4734.00,4925.00
1771015135135,5132.00,4934.00,5108.00
1771015135187,5179.00,5132.00,5156.00
1771015135235,5333.00,5132.00,5290.00
1771015135287,5380.00,5332.00,5359.00
1771015135333,5534.00,5380.00,5514.00
1771015135385,5580.00,5380.00,5538.00
1771015135436,5734.00,5580.00,5714.00
1771015135483,5920.00,5580.00,5859.00
1771015135536,5976.00,5780.00,5964.00
1771015135583,6132.00,5976.00,6108.00
1771015135636,6179.00,5976.00,6140.00
1771015135684,6333.00,6176.00,6313.00
1771015135736,6380.00,6209.00,6340.00
1771015135783,6534.00,6333.00,6495.00
1771015135844,6580.00,6533.00,6557.00
1771015135884,6734.00,6580.00,6714.00
1771015135933,6920.00,6580.00,6862.00
1771015135987,6976.00,6780.00,6952.00
1771015136034,7132.00,6780.00,7085.00
1771015136087,7179.00,6980.00,7141.00
1771015136133,7333.00,6980.00,7275.00
1771015136186,7380.00,7179.00,7341.00
1771015136234,7534.00,7379.00,7514.00
1771015136286,7580.00,7435.00,7542.00
1771015136337,7734.00,7579.00,7714.00
1771015136385,7920.00,7734.00,7880.00
1771015136437,7976.00,7734.00,7919.00
1771015136485,8132.00,7934.00,8106.00
1771015136538,8179.00,8132.00,8132.00
1771015136584,8333.00,8132.00,8289.00
1771015136638,8380.00,8332.00,8358.00
1771015136684,8534.00,8332.00,8492.00
1771015136736,8580.00,8532.00,8560.00
1771015136786,8734.00,8580.00,8714.00
1771015136835,8920.00,8780.00,8859.00
1771015136884,8976.00,8780.00,8954.00
1771015136934,9132.00,8980.00,9087.00
1771015136985,9179.00,8980.00,9142.00
1771015137034,9370.00,9179.00,9338.00
1771015137085,9391.00,9240.00,9338.00
1771015137133,9586.00,9379.00,9540.00
1771015137185,9595.00,9579.00,9586.00
1771015137234,9787.00,9579.00,9743.00
1771015137286,9796.00,9779.00,9787.00
1771015137334,9981.00,9796.00,9947.00
1771015137385,10176.00,9796.00,10108.00
1771015137436,10193.00,9996.00,10157.00
1771015137485,10387.00,10196.00,10315.00
1771015137536,10396.00,10196.00,10354.00
1771015137586,10591.00,10396.00,10555.00
1771015137636,10597.00,10396.00,10555.00
1771015137687,10794.00,10596.00,10756.00
1771015137787,11000.00,10794.00,10953.00
1771015137887,11200.00,11194.00,11161.00
1771015137988,11071.00,11394.00,11236.00
1771015138089,11066.00,11594.00,11143.00
1771015138137,11080.00,11600.00,11157.00
1771015138239,11067.00,11600.00,11149.00
1771015138338,11066.00,11600.00,11153.00
1771015138439,11066.00,11600.00,11112.00
1771015138539,11066.00,11600.00,11147.00
1771015138588,11080.00,11600.00,11164.00
1771015138690,11067.00,11600.00,11142.00
1771015138789,11200.00,11600.00,11272.00
1771015138889,11072.00,11600.00,11149.00
1771015138992,11066.00,11200.00,11063.00
1771015139040,11080.00,11400.00,11120.00
1771015139140,11067.00,11400.00,11106.00
1771015139241,11066.00,11374.00,11070.00
1771015139340,11066.00,11400.00,11105.00
1771015139441,11066.00,11400.00,11108.00
1771015139490,11080.00,11400.00,11094.00
1771015139584,11067.00,11400.00,11108.00
1771015139684,11066.00,11361.00,11108.00
1771015139784,11066.00,11020.00,10983.00
1771015139884,11066.00,11220.00,11086.00
1771015139934,11220.00,11020.00,11115.00
1771015140036,11080.00,11262.00,11015.00
1771015140135,11067.00,11266.00,11091.00
1771015140236,11066.00,11267.00,11109.00
1771015140336,11066.00,11220.00,11086.00
1771015140385,11220.00,11220.00,11148.00
1771015140487,11080.00,11220.00,11027.00
1771015140592,11067.00,11224.00,10975.00
1771015140687,11066.00,11224.00,10994.00
1771015140787,11066.00,11266.00,11105.00
1771015140838,11220.00,11266.00,11123.00
1771015140937,11080.00,11420.00,11138.00
1771015141032,11067.00,11420.00,11114.00
1771015141134,11066.00,11420.00,11124.00
1771015141234,11066.00,11220.00,10962.00
1771015141334,11066.00,11220.00,11086.00
1771015141434,11024.00,11266.00,11080.00
1771015141484,11067.00,11266.00,11093.00
1771015141585,11066.00,11267.00,11110.00
1771015141686,11066.00,11267.00,11108.00
1771015141785,11066.00,11020.00,10940.00
1771015141886,11024.00,11220.00,11045.00
1771015141936,11067.00,11020.00,10940.00
1771015142036,11030.00,11220.00,10997.00
1771015142137,11013.00,11220.00,11059.00
1771015142236,11012.00,11220.00,11056.00
1771015142337,11018.00,11203.00,11052.00
1771015142387,11023.00,11203.00,10938.00
1771015142487,11013.00,11003.00,10931.00
1771015142587,11009.00,11004.00,10888.00
1771015142684,11006.00,11204.00,11043.00
1771015142784,11000.00,11206.00,11046.00
1771015142835,11000.00,11206.00,10999.00
1771015142935,11000.00,11206.00,11037.00
1771015143035,11000.00,11206.00,11044.00
1771015143135,11000.00,11200.00,11040.00
1771015143236,11000.00,11200.00,11039.00
1771015143286,11000.00,11000.00,10867.00
1771015143386,11000.00,11000.00,10872.00
1771015143486,11000.00,11200.00,11038.00
1771015143587,11000.00,11200.00,11037.00
1771015143687,11000.00,11000.00,11000.00
1771015143737,11000.00,11000.00,10863.00
1771015143838,11000.00,10800.00,10863.00
1771015143937,11000.00,11000.00,10868.00
1771015144034,11000.00,11200.00,11036.00
1771015144134,11000.00,11200.00,11042.00
1771015144184,11000.00,11000.00,10999.00
1771015144285,11000.00,11200.00,11043.00
1771015144385,11000.00,11200.00,11094.00
1771015144486,11000.00,11000.00,11000.00
1771015144586,11000.00,11000.00,11000.00
1771015144636,11000.00,10800.00,10928.00
1771015144736,11000.00,11000.00,10931.00
1771015144837,11000.00,11200.00,11066.00
1771015144937,11000.00,11200.00,11105.00
1771015145038,11000.00,11000.00,11105.00
1771015145133,11000.00,11000.00,11000.00
1771015145235,11000.00,11000.00,10832.00
1771015145284,11000.00,10800.00,10831.00
1771015145384,11000.00,11000.00,10944.00
1771015145485,11000.00,11200.00,11112.00
1771015145585,11000.00,11127.00,11115.00
1771015145685,11000.00,11000.00,11000.00
1771015145735,11000.00,11200.00,11117.00
1771015145836,11000.00,11000.00,11119.00
1771015145936,11000.00,11000.00,11000.00
1771015146037,11000.00,11000.00,10822.00
1771015146136,11000.00,11000.00,11000.00
1771015146186,11000.00,11000.00,10959.00
1771015146287,11000.00,11200.00,11134.00
1771015146387,11000.00,11200.00,11137.00
1771015146488,11000.00,11000.00,11000.00
1771015146588,11000.00,10800.00,10825.00
1771015146638,11000.00,10800.00,10825.00
1771015146738,11000.00,11000.00,10973.00
1771015146840,11000.00,11200.00,10976.00
1771015146939,11000.00,11200.00,11146.00
1771015147039,11000.00,11000.00,11000.00
1771015147139,11000.00,11000.00,11000.00
1771015147189,11000.00,10999.00,10999.00
1771015147289,11000.00,10800.00,10825.00
1771015147389,11000.00,11000.00,10983.00
1771015147490,11000.00,11200.00,11152.00
1771015147590,11000.00,11200.00,11155.00
1771015147644,11000.00,11000.00,10998.00
1771015147740,11000.00,11200.00,11039.00
1771015147834,11000.00,11000.00,11000.00
1771015147953,11000.00,11000.00,11000.00
1771015148035,11000.00,11000.00,11000.00
1771015148134,11000.00,11000.00,11000.00
1771015148186,11000.00,11000.00,10998.00
1771015148285,11000.00,11200.00,11168.00
1771015148386,11000.00,11200.00,11168.00
1771015148486,11000.00,11000.00,11000.00
1771015148587,11000.00,10800.00,10824.00
1771015148636,11000.00,10800.00,10824.00
1771015148737,11000.00,11000.00,10998.00
1771015148838,11000.00,11000.00,11134.00
1771015148938,11000.00,11200.00,11171.00
1771015149038,11000.00,11000.00,11000.00
1771015149087,11000.00,11200.00,11040.00
1771015149188,11000.00,11200.00,11039.00
1771015149289,11000.00,11000.00,11000.00
1771015149388,11000.00,10933.00,10812.00
1771015149494,10999.00,10800.00,10815.00
1771015149533,11000.00,10800.00,10815.00
1771015149662,10800.00,11000.00,11101.00
1771015149734,11000.00,11200.00,11171.00
1771015149834,11000.00,11000.00,11037.00
1771015149938,11000.00,11000.00,11000.00
1771015149985,11000.00,11000.00,10984.00
1771015150085,11000.00,11000.00,10984.00
1771015150185,11000.00,11000.00,11127.00
1771015150286,11000.00,11200.00,11168.00
1771015150385,11000.00,11200.00,11168.00
1771015150436,11000.00,11200.00,11014.00
1771015150536,11000.00,11200.00,11038.00
1771015150627,11000.00,11000.00,10851.00
1771015150750,11000.00,10800.00,10812.00
1771015150838,11000.00,11000.00,10957.00
1771015150886,11000.00,10800.00,10959.00
1771015150983,11000.00,11000.00,11135.00
1771015151084,11000.00,11200.00,11174.00
1771015151184,11000.00,11200.00,11171.00
1771015151285,11000.00,11000.00,11000.00
1771015151334,11000.00,11000.00,10998.00
1771015151435,11000.00,10868.00,11001.00
1771015151536,11000.00,11000.00,11006.00
1771015151637,11000.00,11200.00,11136.00
1771015151736,11000.00,11200.00,11171.00
1771015151836,11000.00,11000.00,11169.00
1771015151888,11000.00,11200.00,10877.00
1771015151987,11000.00,11200.00,11044.00
1771015152082,11000.00,11000.00,11000.00
1771015152184,11000.00,11200.00,11041.00
1771015152284,11000.00,11200.00,11175.00
1771015152384,11000.00,11200.00,11169.00
1771015152435,11000.00,11200.00,11000.00
1771015152583,11000.00,11000.00,11000.00
1771015152684,10800.00,11000.00,10840.00
1771015152784,10800.00,11000.00,10969.00
1771015152834,11000.00,11000.00,11000.00
1771015152934,11000.00,11000.00,11000.00
1771015153035,11000.00,11000.00,11000.00
1771015153135,11000.00,11000.00,11000.00
1771015153236,10800.00,11000.00,10793.00
1771015153285,11000.00,10800.00,10958.00
1771015153386,11000.00,10800.00,10957.00
1771015153486,11000.00,11000.00,11000.00
1771015153586,11000.00,11200.00,11175.00
1771015153687,10800.00,11000.00,10975.00
1771015153736,11000.00,11000.00,11001.00
1771015153837,11000.00,11000.00,10865.00
1771015153938,11000.00,10800.00,10826.00
1771015154038,11000.00,11000.00,10960.00
1771015154138,10800.00,11000.00,10981.00
1771015154188,11000.00,10800.00,10957.00
1771015154288,11000.00,11000.00,11000.00
1771015154388,11000.00,11066.00,11187.00
1771015154489,11000.00,11200.00,11184.00
1771015154590,10800.00,10800.00,10675.00
1771015154639,11000.00,11000.00,10875.00
1771015154739,11000.00,10800.00,10833.00
1771015154839,11000.00,11000.00,10961.00
1771015154939,11000.00,11000.00,11000.00
1771015155039,10800.00,11000.00,10984.00
1771015155090,11000.00,11200.00,11184.00
1771015155191,11000.00,11095.00,11041.00
1771015155291,11000.00,11000.00,11000.00
1771015155392,11000.00,10800.00,10829.00
1771015155492,10800.00,11000.00,10984.00
1771015155542,11000.00,10800.00,10964.00
1771015155643,10800.00,11200.00,11145.00
1771015155743,11000.00,11200.00,11187.00
1771015155844,11000.00,11000.00,11042.00
1771015155943,10800.00,11200.00,10882.00
1771015155991,11000.00,10933.00,10866.00
1771015156093,11000.00,10800.00,10824.00
1771015156194,11000.00,10800.00,10824.00
1771015156295,11000.00,11000.00,10983.00
1771015156396,10800.00,11000.00,11147.00
1771015156441,11000.00,11200.00,11132.00
1771015156545,11000.00,11200.00,11168.00
1771015156645,11000.00,11000.00,11038.00
1771015156747,11000.00,11000.00,11000.00
1771015156844,11000.00,11000.00,10822.00
1771015156893,11000.00,10800.00,10990.00
1771015157006,11000.00,10800.00,10822.00
1771015157094,10980.00,11000.00,11000.00
1771015157241,10800.00,11000.00,11000.00
1771015157259,11000.00,11000.00,11001.00
1771015157345,11000.00,11000.00,11004.00
1771015157445,11000.00,10800.00,10959.00
1771015157546,11000.00,11000.00,11138.00
1771015157646,11000.00,11200.00,11135.00
1771015157746,11000.00,11200.00,11176.00
1771015157846,11000.00,11000.00,11000.00
1771015157895,11000.00,11200.00,11141.00
1771015157997,11000.00,11000.00,11173.00
1771015158097,11000.00,11000.00,11000.00
1771015158198,11000.00,11000.00,11015.00
1771015158296,11000.00,11200.00,11041.00
1771015158346,11000.00,11000.00,11004.00
1771015158448,11000.00,11200.00,11015.00
1771015158547,11000.00,11200.00,11171.00
1771015158647,11000.00,11000.00,11171.00
1771015158747,11000.00,11200.00,11173.00
1771015158798,11000.00,11000.00,11304.00
1771015158896,11000.00,11000.00,11138.00
1771015158998,11000.00,11090.00,10879.00
1771015159097,11000.00,11200.00,11040.00
1771015159197,11000.00,11083.00,11042.00
1771015159247,11000.00,11200.00,10993.00
1771015159347,11000.00,11200.00,11043.00
1771015159448,11000.00,11000.00,11045.00
1771015159547,11000.00,11000.00,11006.00
1771015159647,11000.00,11200.00,11006.00
1771015159696,11000.00,11000.00,11126.00
1771015159797,11000.00,11196.00,10996.00
1771015159898,11000.00,11200.00,11163.00
1771015159997,11000.00,11000.00,11161.00
1771015160098,11000.00,11000.00,11000.00
1771015160146,11000.00,11000.00,11007.00
1771015160248,11000.00,10800.00,11009.00
1771015160347,11000.00,11000.00,11016.00
1771015160447,11000.00,11200.00,11125.00
1771015160546,11000.00,11200.00,11036.00
1771015160595,11000.00,11000.00,11005.00
1771015160782,10800.00,11000.00,10970.00
1771015160834,11000.00,11000.00,11000.00
1771015160934,11000.00,11000.00,11000.00
1771015161034,10800.00,11199.00,11151.00
1771015161135,10800.00,11000.00,10975.00
1771015161234,10800.00,11000.00,10749.00
1771015161285,11000.00,10800.00,10848.00
1771015161386,11000.00,10800.00,10848.00
1771015161486,10800.00,11000.00,10840.00
1771015161585,10800.00,11000.00,10972.00
1771015161686,10800.00,10800.00,10800.00
1771015161736,11000.00,10800.00,10847.00
1771015161837,11000.00,10800.00,11025.00
1771015161937,10800.00,10800.00,10827.00
1771015162037,10800.00,11000.00,10693.00
1771015162138,10800.00,11000.00,10972.00
1771015162188,11000.00,10800.00,10961.00
1771015162288,10800.00,11200.00,11138.00
1771015162389,10800.00,11200.00,11009.00
1771015162490,10800.00,11000.00,10837.00
1771015162589,10800.00,10906.00,10682.00
1771015162639,11000.00,10800.00,10883.00
1771015162740,11000.00,10800.00,10842.00
1771015162840,11000.00,11000.00,10841.00
1771015162941,10800.00,11000.00,10961.00
1771015163043,10800.00,10800.00,10961.00
1771015163090,11000.00,11000.00,11000.00
1771015163191,11000.00,11200.00,11161.00
1771015163292,11000.00,11000.00,11000.00
1771015163391,10800.00,10925.00,10797.00
1771015163492,10800.00,11000.00,10958.00
1771015163542,11000.00,10800.00,10958.00
1771015163643,11000.00,11000.00,10958.00
1771015163743,11000.00,11000.00,11000.00
1771015163843,10800.00,11000.00,10877.00
1771015163943,10800.00,11000.00,10960.00
1771015164044,10800.00,11000.00,10793.00
1771015164093,11000.00,10800.00,10833.00
1771015164194,11000.00,10800.00,10833.00
1771015164294,10800.00,11000.00,10839.00
1771015164427,10800.00,10600.00,10758.00
1771015164443,11000.00,10800.00,10958.00
1771015164534,11000.00,11000.00,11121.00
1771015164646,11000.00,10800.00,11000.00
1771015164735,10800.00,10800.00,10803.00
1771015164834,10800.00,11000.00,10956.00
1771015164885,11000.00,10800.00,10960.00
1771015164985,11000.00,10800.00,10961.00
1771015165085,11000.00,11000.00,11000.00
1771015165186,10800.00,11200.00,11117.00
1771015165286,10800.00,11000.00,10953.00
1771015165336,11000.00,11000.00,10992.00
1771015165436,11000.00,10800.00,10881.00
1771015165536,11000.00,10800.00,10836.00
1771015165638,10800.00,11000.00,10680.00
1771015165737,11000.00,11200.00,11041.00
1771015165865,10866.00,11000.00,11000.00
1771015165888,11000.00,11000.00,10874.00
1771015165987,11000.00,11000.00,11105.00
1771015166088,11000.00,10800.00,10961.00
1771015166189,11000.00,11000.00,11109.00
1771015166289,11000.00,11200.00,11151.00
1771015166339,11000.00,11000.00,11110.00
1771015166439,11000.00,11200.00,11111.00
1771015166539,11000.00,11200.00,11152.00
1771015166640,11000.00,11000.00,11000.00
1771015166740,11000.00,11200.00,11152.00
1771015166789,11000.00,11200.00,11153.00
1771015166890,11000.00,11000.00,10998.00
1771015166991,11000.00,11000.00,10997.00
1771015167091,11000.00,11200.00,11042.00
1771015167191,11000.00,11151.00,11038.00
1771015167241,11000.00,11200.00,11000.00
1771015167342,11000.00,11200.00,11150.00
1771015167442,11000.00,11000.00,11000.00
1771015167543,11000.00,11200.00,11158.00
1771015167643,11000.00,11200.00,11157.00
1771015167693,11000.00,11000.00,11007.00
1771015167794,11000.00,11000.00,11120.00
1771015167896,11000.00,11200.00,11037.00
1771015167996,11000.00,11200.00,11155.00
1771015168095,11000.00,11000.00,11000.00
1771015168145,11000.00,11000.00,11005.00
1771015168246,11000.00,10800.00,11009.00
1771015168346,11000.00,11000.00,11016.00
1771015168448,11000.00,11200.00,11127.00
1771015168606,10800.00,10800.00,10799.00
1771015168697,11000.00,10600.00,11043.00
1771015168798,11000.00,10600.00,11085.00
1771015168898,11000.00,10600.00,10919.00
1771015168997,11000.00,10800.00,11083.00
1771015169046,11200.00,10800.00,11121.00
1771015169149,11000.00,10800.00,11093.00
1771015169294,11000.00,10600.00,10925.00
1771015169305,11000.00,10800.00,11084.00
1771015169434,11150.00,10800.00,11120.00
1771015169484,11000.00,11000.00,11000.00
1771015169585,11000.00,11000.00,11117.00
1771015169685,11000.00,10800.00,10964.00
1771015169785,11000.00,10800.00,10971.00
1771015169885,11000.00,11000.00,10999.00
1771015169935,11000.00,10800.00,10904.00
1771015170036,11000.00,11000.00,10921.00
1771015170136,11000.00,11000.00,11064.00
1771015170236,11000.00,10800.00,10961.00
1771015170337,11000.00,11000.00,11119.00
1771015170387,11000.00,11200.00,11283.00
1771015170487,11000.00,11000.00,11122.00
1771015170587,11000.00,11000.00,11072.00
1771015170687,11000.00,11200.00,11161.00
1771015170787,11000.00,11200.00,11161.00
1771015170837,11200.00,11200.00,11200.00
1771015170938,11000.00,11400.00,11205.00
1771015171038,11000.00,11200.00,11080.00
1771015171139,11000.00,11200.00,11042.00
1771015171239,11000.00,11200.00,11039.00
1771015171288,11200.00,11000.00,11106.00
1771015171389,11000.00,11000.00,10948.00
1771015171489,11000.00,11200.00,11038.00
1771015171590,11000.00,11200.00,11152.00
1771015171691,11000.00,11000.00,11000.00
1771015171740,11200.00,11000.00,11105.00
1771015171840,11000.00,11003.00,11208.00
1771015171942,11000.00,11000.00,11056.00
1771015172041,11000.00,11200.00,11151.00
1771015172142,11000.00,11200.00,11151.00
1771015172192,11200.00,11200.00,11104.00
1771015172293,11000.00,11200.00,11042.00
1771015172394,11000.00,11082.00,11150.00
1771015172494,11000.00,11000.00,11000.00
1771015172594,11000.00,11149.00,10942.00
1771015172643,11200.00,11000.00,11105.00
1771015172744,11000.00,11000.00,10943.00
1771015172844,11000.00,11200.00,11054.00
1771015172944,11000.00,11200.00,11150.00
1771015173045,11000.00,11000.00,11150.00
1771015173095,11200.00,11200.00,11200.00
1771015173196,11000.00,11200.00,11299.00
1771015173297,11000.00,11200.00,11145.00
1771015173395,11000.00,11200.00,10936.00
1771015173496,11156.00,11200.00,11200.00
1771015173547,11356.00,11200.00,11300.00
1771015173648,11000.00,11600.00,11118.00
1771015173748,11000.00,11600.00,11113.00
1771015173849,11000.00,11400.00,11120.00
1771015173948,11000.00,11200.00,10971.00
1771015174049,11000.00,11400.00,10960.00
1771015174098,11000.00,11200.00,10953.00
1771015174172,11000.00,11200.00,10835.00
1771015174284,11200.00,11600.00,11274.00
1771015174385,11000.00,11600.00,11118.00
1771015174485,11000.00,11400.00,11079.00
1771015174534,11000.00,11400.00,10985.00
1771015174635,11000.00,11200.00,10941.00
1771015174735,11000.00,11200.00,10931.00
1771015174836,11000.00,11400.00,11069.00
1771015174936,11000.00,11400.00,11134.00
1771015174986,11000.00,11200.00,11154.00
1771015175087,11000.00,11400.00,11184.00
1771015175187,11000.00,11400.00,11130.00
1771015175287,11000.00,11200.00,11041.00
1771015175387,11000.00,11044.00,10868.00
1771015175437,11000.00,11000.00,10904.00
1771015175538,11000.00,11000.00,10913.00
1771015175638,11000.00,11200.00,11087.00
1771015175738,11000.00,11200.00,11088.00
1771015175839,11000.00,11000.00,11000.00
1771015175939,11000.00,11000.00,11000.00
1771015175988,11000.00,10845.00,10912.00
1771015176089,11000.00,10800.00,10961.00
1771015176189,11000.00,11000.00,11058.00
1771015176289,11000.00,11200.00,11093.00
1771015176339,11000.00,11000.00,11049.00
1771015176440,11000.00,11200.00,11053.00
1771015176540,11000.00,11200.00,11094.00
1771015176641,11000.00,11000.00,11000.00
1771015176741,11000.00,11200.00,11094.00
1771015176791,11000.00,11000.00,11016.00
1771015176892,11000.00,11000.00,10922.00
1771015176992,11000.00,11200.00,10922.00
1771015177092,11000.00,11200.00,11095.00
1771015177193,11000.00,11000.00,11095.00
1771015177243,11000.00,11200.00,11094.00
1771015177344,11000.00,11200.00,11095.00
1771015177444,11000.00,11000.00,11000.00
1771015177544,11000.00,11200.00,11096.00
1771015177645,11000.00,11200.00,10916.00
1771015177745,11000.00,11200.00,11094.00
1771015177795,11000.00,11200.00,11052.00
1771015177896,11000.00,11200.00,11096.00
1771015177996,11000.00,11000.00,11096.00
1771015178096,11000.00,11000.00,11000.00
1771015178196,11000.00,11000.00,10819.00
1771015178246,11000.00,10800.00,10825.00
1771015178347,11000.00,11000.00,10925.00
1771015178448,11000.00,11200.00,11009.00
1771015178559,10881.00,10800.00,10960.00
1771015178582,11000.00,11000.00,11059.00
1771015178684,11000.00,11200.00,11101.00
1771015178785,11000.00,11200.00,11106.00
1771015178885,11000.00,11200.00,11112.00
1771015178985,11000.00,11200.00,11117.00
1771015179085,11000.00,11200.00,11120.00
1771015179135,11200.00,11200.00,11145.00
1771015179237,11000.00,11200.00,10945.00
1771015179336,11000.00,11200.00,11042.00
1771015179436,11000.00,11000.00,11000.00
1771015179537,11000.00,11200.00,11133.00
1771015179586,11000.00,11189.00,11088.00
1771015179687,11000.00,11000.00,10962.00
1771015179787,11000.00,11000.00,10857.00
1771015179887,11000.00,11200.00,11038.00
1771015179988,11000.00,11200.00,11033.00
1771015180038,11000.00,11200.00,11004.00
1771015180139,11000.00,11200.00,11162.00
1771015180239,11000.00,11000.00,11000.00
1771015180339,11000.00,11200.00,11170.00
1771015180439,11000.00,11200.00,10997.00
1771015180488,11000.00,11000.00,10994.00
1771015180589,11000.00,11000.00,10995.00
1771015180690,11000.00,11200.00,11175.00
1771015180790,11000.00,11053.00,11175.00
1771015180890,11000.00,11000.00,11000.00
1771015180940,11200.00,11000.00,11019.00
1771015181041,11000.00,11000.00,10858.00
1771015181141,11000.00,11000.00,10860.00
1771015181242,11000.00,11200.00,11005.00
1771015181342,11000.00,11200.00,11043.00
1771015181392,11000.00,11000.00,10996.00
1771015181492,11000.00,11200.00,11169.00
1771015181592,11000.00,11000.00,11169.00
1771015181693,11000.00,11000.00,11000.00
1771015181793,11000.00,11000.00,11133.00
1771015181843,11000.00,11000.00,10998.00
1771015181944,11000.00,11000.00,11003.00
1771015182044,11000.00,11200.00,11133.00
1771015182143,11000.00,11200.00,11172.00
1771015182244,11000.00,11000.00,11000.00
1771015182294,11000.00,11200.00,11175.00
1771015182395,11000.00,11038.00,11175.00
1771015182495,11000.00,11000.00,11000.00
1771015182595,11000.00,11187.00,11009.00
1771015182695,11000.00,11200.00,11042.00
1771015182745,11200.00,11000.00,11163.00
1771015182846,11000.00,11200.00,11000.00
1771015182945,11000.00,11200.00,11177.00
1771015183046,11000.00,11000.00,11000.00
1771015183147,11000.00,11200.00,11180.00
1771015183197,11200.00,11000.00,11217.00
1771015183297,11000.00,11000.00,11011.00
1771015183399,11000.00,11000.00,11005.00
1771015183498,11000.00,11200.00,11039.00
1771015183599,10991.00,11000.00,11040.00
1771015183648,11000.00,11200.00,10899.00
1771015183748,11000.00,11200.00,11041.00
1771015183846,11000.00,11000.00,11169.00
1771015183947,11000.00,11000.00,11000.00
1771015184048,11000.00,11200.00,11030.00
1771015184098,11200.00,11000.00,11060.00
1771015184198,11000.00,11000.00,11033.00
1771015184298,11000.00,11200.00,11177.00
1771015184398,11000.00,11000.00,11178.00
1771015184499,11000.00,11000.00,11000.00
1771015184547,11200.00,11000.00,11056.00
1771015184649,11000.00,11000.00,11036.00
1771015184749,11000.00,11000.00,11037.00
1771015184849,11000.00,11051.00,10898.00
1771015184949,11000.00,11200.00,11037.00
1771015184998,11200.00,11000.00,11056.00
1771015185099,11000.00,11200.00,10896.00
1771015185199,11000.00,11000.00,11041.00
1771015185299,11000.00,11000.00,11000.00
1771015185399,11000.00,11200.00,11038.00
1771015185449,11200.00,11000.00,11059.00
1771015185550,11000.00,11000.00,11038.00
1771015185650,11000.00,11200.00,10902.00
1771015185749,11000.00,11200.00,11180.00
1771015185850,11000.00,11000.00,11180.00
1771015185898,11200.00,11000.00,11060.00
1771015185999,11000.00,11112.00,11220.00
1771015186100,11000.00,11000.00,11030.00
1771015186200,11000.00,11200.00,10896.00
1771015186299,11000.00,11200.00,10903.00
1771015186349,11200.00,11000.00,11058.00
1771015186450,11000.00,11200.00,10899.00
1771015186551,11000.00,11200.00,11039.00
1771015186649,11000.00,11000.00,11040.00
1771015186749,11000.00,11000.00,10901.00
1771015186882,10800.00,11000.00,11142.00
1771015186984,10800.00,11000.00,10839.00
1771015187034,11000.00,10904.00,10901.00
1771015187135,11000.00,10800.00,10857.00
1771015187235,11000.00,11000.00,10858.00
1771015187335,10800.00,11000.00,10968.00
1771015187436,10800.00,10974.00,10968.00
1771015187486,11000.00,11000.00,11000.00
1771015187586,11000.00,11200.00,11168.00
1771015187686,11000.00,11000.00,11000.00
1771015187786,10800.00,10800.00,10698.00
1771015187887,10800.00,11000.00,10839.00
1771015187936,11000.00,10800.00,10864.00
1771015188037,11000.00,11000.00,10935.00
1771015188137,11000.00,11000.00,11000.00
1771015188239,10800.00,11000.00,10963.00
1771015188339,10800.00,11000.00,10963.00
1771015188388,11000.00,11000.00,11027.00
1771015188489,11000.00,10800.00,10857.00
1771015188589,11000.00,10903.00,10857.00
1771015188690,10800.00,11000.00,10935.00
1771015188790,10800.00,11000.00,10937.00
1771015188840,11000.00,11000.00,10954.00
1771015188940,11000.00,11000.00,11000.00
1771015189041,11000.00,11000.00,11142.00
1771015189141,10800.00,11000.00,10941.00
1771015189241,10800.00,11000.00,10943.00
1771015189291,11000.00,10800.00,10855.00
1771015189390,11000.00,10800.00,10860.00
1771015189491,11000.00,11000.00,11000.00
1771015189592,10800.00,11200.00,11085.00
1771015189694,10800.00,11000.00,10940.00
1771015189743,11000.00,11000.00,11003.00
1771015189844,11000.00,11000.00,11007.00
1771015189944,11000.00,10800.00,10864.00
1771015190045,10800.00,11000.00,10903.00
1771015190145,10800.00,11000.00,10932.00
1771015190195,11000.00,11000.00,10863.00
1771015190296,11000.00,11000.00,11000.00
1771015190396,11000.00,11000.00,11139.00
1771015190497,10800.00,11000.00,10941.00
1771015190598,10800.00,11000.00,10801.00
1771015190646,11000.00,10800.00,10995.00
1771015190747,11000.00,10800.00,10863.00
1771015190848,11000.00,11000.00,10863.00
1771015190948,10800.00,11200.00,11080.00
1771015191048,10800.00,11000.00,11085.00
1771015191097,11000.00,11200.00,11144.00
1771015191199,11000.00,11000.00,11141.00
1771015191299,11000.00,11000.00,11137.00
1771015191398,10800.00,11000.00,10793.00
1771015191499,10800.00,11000.00,10939.00
1771015191549,11000.00,10800.00,10861.00
1771015191649,11000.00,11000.00,11000.00
1771015191750,11000.00,11200.00,11137.00
1771015191851,11000.00,11200.00,11277.00
1771015191950,11000.00,10897.00,10858.00
1771015191999,11200.00,11000.00,11064.00
1771015192101,11000.00,11000.00,11003.00
1771015192201,11000.00,11200.00,11003.00
1771015192301,11000.00,11200.00,11144.00
1771015192402,11000.00,11000.00,11141.00
1771015192502,11000.00,11000.00,11000.00
1771015192549,11000.00,10972.00,11008.00
1771015192651,11000.00,10800.00,10858.00
1771015192751,11000.00,11000.00,11003.00
1771015192852,11000.00,11200.00,11113.00
1771015192952,11000.00,11200.00,11136.00
1771015193003,11000.00,11200.00,11001.00
1771015193101,11000.00,11200.00,11142.00
1771015193201,11000.00,11000.00,11143.00
1771015193301,11000.00,11000.00,11000.00
1771015193461,10800.00,11000.00,10802.00
1771015193473,11000.00,11000.00,11006.00
1771015193584,11000.00,11000.00,11004.00
1771015193684,11000.00,10800.00,10864.00
1771015193734,11000.00,11000.00,11007.00
1771015193835,11000.00,10800.00,10858.00
1771015193935,11000.00,10800.00,10859.00
1771015194035,11000.00,11000.00,10901.00
1771015194135,11000.00,11000.00,11000.00
1771015194185,11000.00,11000.00,10991.00
1771015194286,11000.00,11200.00,11144.00
1771015194386,11000.00,11200.00,11140.00
1771015194487,11000.00,11000.00,11000.00
1771015194587,11000.00,10800.00,10860.00
1771015194637,11000.00,10800.00,10999.00
1771015194738,11000.00,11000.00,11001.00
1771015194838,11000.00,11200.00,11046.00
1771015194939,11000.00,11200.00,11135.00
1771015195039,11000.00,11000.00,11000.00
1771015195088,11000.00,11200.00,11142.00
1771015195189,11000.00,11030.00,11136.00
1771015195289,11000.00,11000.00,11000.00
1771015195390,11000.00,10800.00,10855.00
1771015195490,11000.00,11000.00,11000.00
1771015195540,11000.00,11000.00,10997.00
1771015195641,11000.00,11200.00,11002.00
1771015195741,11000.00,11200.00,11136.00
1771015195841,11000.00,11000.00,11137.00
1771015195942,11000.00,11000.00,11000.00
1771015195992,11000.00,10800.00,10997.00
1771015196092,11000.00,10800.00,10862.00
1771015196217,11000.00,11000.00,10864.00
1771015196293,11000.00,11000.00,11000.00
1771015196394,11000.00,11000.00,11143.00
1771015196444,11000.00,11200.00,10988.00
1771015196544,11000.00,11200.00,11139.00
1771015196645,11000.00,11000.00,11000.00
1771015196745,11000.00,11000.00,11000.00
1771015196845,11000.00,11000.00,10862.00
1771015196894,11000.00,11000.00,11003.00
1771015196996,11000.00,11200.00,10993.00
1771015197096,11000.00,11200.00,11139.00
1771015197197,11000.00,11000.00,11137.00
1771015197297,11000.00,11000.00,11000.00
1771015197346,11000.00,11000.00,10998.00
1771015197448,11000.00,10800.00,10857.00
1771015197548,11000.00,11000.00,11002.00
1771015197649,11000.00,11200.00,10999.00
1771015197749,11000.00,11200.00,11141.00
1771015197802,11000.00,11083.00,10999.00
1771015197899,11000.00,11200.00,11134.00
1771015197999,11000.00,11000.00,11144.00
1771015198100,11000.00,11000.00,11000.00
1771015198200,11000.00,11000.00,10856.00
1771015198249,11000.00,10800.00,10998.00
1771015198350,11000.00,11000.00,11004.00
1771015198450,11200.00,11400.00,11202.00
1771015198551,11000.00,11400.00,11274.00
1771015198651,11000.00,11200.00,11273.00
1771015198698,11200.00,11200.00,11192.00
1771015198883,10800.00,10800.00,10799.00
1771015198934,11000.00,11000.00,11001.00
1771015199034,11000.00,10800.00,10861.00
1771015199134,11000.00,10800.00,10864.00
1771015199235,10800.00,11000.00,10796.00
1771015199335,10800.00,11000.00,10939.00
1771015199385,11000.00,10800.00,10857.00
1771015199486,11000.00,11000.00,11000.00
1771015199586,11000.00,11199.00,11139.00
1771015199686,10800.00,11000.00,10936.00
1771015199787,10800.00,10800.00,10793.00
1771015199837,11000.00,10800.00,10857.00
1771015199939,11000.00,10800.00,10857.00
1771015200037,11000.00,11000.00,10861.00
1771015200137,10800.00,11000.00,10940.00
1771015200238,10800.00,10800.00,10800.00
1771015200286,11000.00,11000.00,11000.00
1771015200388,11000.00,11200.00,11144.00
1771015200489,11000.00,11000.00,11000.00
1771015200589,10800.00,10942.00,10791.00
1771015200690,10800.00,11000.00,10933.00
1771015200739,11000.00,10800.00,10862.00
1771015200840,11000.00,11000.00,10931.00
1771015200940,11000.00,11000.00,11000.00
1771015201040,10800.00,11000.00,10937.00
1771015201141,10800.00,11000.00,10935.00
1771015201190,11000.00,11000.00,10996.00
1771015201291,11000.00,10800.00,10854.00
1771015201391,11000.00,10800.00,10861.00
1771015201492,10800.00,11000.00,10934.00
1771015201592,10800.00,11000.00,10937.00
1771015201642,11000.00,11000.00,10858.00
1771015201743,11000.00,11000.00,11000.00
1771015201844,11000.00,11000.00,11137.00
1771015201944,10800.00,11000.00,10942.00
1771015202044,10800.00,11000.00,10937.00
1771015202093,11000.00,10800.00,10856.00
1771015202195,11000.00,11000.00,10857.00
1771015202295,11000.00,11000.00,11000.00
1771015202396,10800.00,11000.00,11083.00
1771015202496,10800.00,11000.00,10937.00
1771015202545,11000.00,11000.00,11000.00
1771015202645,11000.00,10800.00,11004.00
1771015202747,11000.00,10800.00,10861.00
1771015202846,10800.00,11000.00,10803.00
1771015202947,10800.00,11000.00,10937.00
1771015203082,10800.00,10800.00,10800.00
1771015203184,10800.00,11000.00,10943.00
1771015203284,10600.00,10800.00,10878.00
1771015203334,10800.00,11000.00,10935.00
1771015203435,10800.00,10800.00,10938.00
1771015203535,10800.00,10800.00,10800.00
1771015203635,10800.00,10800.00,10800.00
1771015203735,10600.00,11000.00,10883.00
1771015203785,10800.00,11000.00,10944.00
1771015203886,11000.00,11200.00,11141.00
1771015203986,10800.00,11200.00,11077.00
1771015204087,10800.00,11000.00,10936.00
1771015204380,10400.00,10400.00,10401.00
1771015204437,10800.00,10200.00,10375.00
1771015204538,10800.00,10000.00,10229.00
1771015204638,10800.00,9600.00,9953.00
1771015204687,11000.00,9800.00,10152.00
1771015204738,10959.00,9800.00,10152.00
1771015204787,10987.00,9993.00,10294.00
1771015204837,10936.00,10000.00,10297.00
1771015204888,10780.00,9800.00,10097.00
1771015204938,10934.00,10000.00,10296.00
1771015204988,10780.00,9800.00,10091.00
1771015205039,10934.00,9800.00,10159.00
1771015205089,10780.00,10000.00,10232.00
1771015205139,10934.00,9800.00,10152.00
1771015205189,10920.00,10000.00,10296.00
1771015205239,10976.00,10000.00,10157.00
1771015205289,10932.00,9800.00,10164.00
1771015205339,10779.00,10000.00,10240.00
1771015205389,10933.00,9984.00,10160.00
1771015205439,10780.00,9800.00,10099.00
1771015205490,10934.00,10000.00,10298.00
1771015205540,10780.00,10000.00,10246.00
1771015205591,10934.00,10057.00,10450.00
1771015205641,10920.00,10200.00,10443.00
1771015205691,10976.00,10000.00,10305.00
1771015205741,10932.00,10200.00,10438.00
1771015205791,10779.00,10183.00,10242.00
1771015205841,10933.00,10000.00,10303.00
1771015205892,10780.00,10200.00,10382.00
1771015205942,10934.00,10000.00,10306.00
1771015206028,10780.00,10000.00,10178.00
1771015206035,10934.00,10197.00,10302.00
1771015206084,10920.00,10000.00,10298.00
1771015206134,10976.00,10200.00,10438.00
1771015206184,10932.00,10200.00,10434.00
1771015206234,10779.00,10200.00,10383.00
1771015206284,10933.00,10400.00,10580.00
1771015206334,10780.00,10200.00,10374.00
1771015206384,10934.00,10400.00,10577.00
1771015206434,10780.00,10400.00,10516.00
1771015206485,10934.00,10200.00,10435.00
1771015206535,10920.00,10400.00,10580.00
1771015206585,10976.00,10200.00,10441.00
1771015206635,10932.00,10200.00,10588.00
1771015206686,10779.00,10400.00,10527.00
1771015206736,10933.00,10200.00,10450.00
1771015206786,10780.00,10400.00,10532.00
1771015206836,10934.00,10400.00,10589.00
1771015206886,10780.00,10200.00,10389.00
1771015206936,10934.00,10400.00,10588.00
1771015206986,10920.00,10400.00,10586.00
1771015207036,10976.00,10400.00,10582.00
1771015207086,10932.00,10600.00,10726.00
1771015207137,10800.00,10400.00,10526.00
1771015207187,10940.00,10591.00,10720.00
1771015207284,10800.00,10400.00,10377.00
1771015207300,10920.00,10400.00,10583.00
1771015207332,10921.00,10600.00,10719.00
1771015207435,10800.00,10400.00,10523.00
1771015207485,10940.00,10600.00,10729.00
1771015207585,10800.00,10800.00,10802.00
1771015207686,10800.00,10600.00,10659.00
1771015207786,10800.00,10600.00,10664.00
1771015207886,10800.00,10800.00,10797.00
1771015207936,11000.00,10600.00,10714.00
1771015208037,11000.00,11000.00,10850.00
1771015208137,11000.00,11000.00,10993.00
1771015208237,11000.00,10800.00,11000.00
1771015208338,11000.00,10800.00,10865.00
1771015208387,11000.00,10999.00,10996.00
1771015208488,11000.00,10800.00,10861.00
1771015208589,11000.00,11000.00,11005.00
1771015208689,11000.00,11200.00,11144.00
1771015208789,11000.00,11160.00,11139.00
1771015208840,11000.00,11200.00,11000.00
1771015208940,11000.00,11200.00,11144.00
1771015209040,11000.00,11000.00,11000.00
1771015209141,11113.00,11200.00,11200.00
1771015209240,11313.00,11400.00,11259.00
1771015209290,11513.00,11400.00,11458.00
1771015209391,11491.00,11604.00,11601.00
1771015209491,11000.00,12000.00,11711.00
1771015209591,11000.00,12200.00,11846.00
1771015209691,11000.00,12200.00,11847.00
1771015209741,11040.00,12200.00,11849.00
1771015209842,11063.00,12000.00,11703.00
1771015209942,11065.00,12000.00,11703.00
1771015210043,11066.00,12200.00,11708.00
1771015210143,11066.00,12200.00,11847.00
1771015210193,11080.00,12025.00,11711.00
1771015210293,11067.00,12200.00,11820.00
1771015210394,11066.00,12000.00,11839.00
1771015210494,11066.00,12000.00,11701.00
1771015210595,11066.00,11933.00,11557.00
1771015210644,11080.00,11800.00,11553.00
1771015210745,11067.00,11800.00,11560.00
1771015210846,11066.00,12000.00,11561.00
1771015210946,11066.00,12000.00,11693.00
1771015211046,11066.00,11800.00,11755.00
1771015211096,11080.00,12000.00,11701.00
1771015211196,11067.00,11800.00,11703.00
1771015211297,11066.00,11800.00,11564.00
1771015211397,11066.00,11800.00,11422.00
1771015211497,11066.00,11800.00,11447.00
1771015211547,11080.00,11600.00,11415.00
1771015211647,11067.00,11800.00,11412.00
1771015211747,11066.00,11800.00,11549.00
1771015211848,11066.00,11600.00,11410.00
1771015211948,11066.00,11400.00,11273.00
1771015211996,11080.00,11400.00,11415.00
1771015212099,11067.00,11400.00,11276.00
1771015212203,11060.00,11491.00,11280.00
1771015212324,10878.00,11200.00,11086.00
1771015212384,11000.00,11600.00,11419.00
1771015212434,11200.00,11600.00,11417.00
1771015212535,11000.00,11600.00,11411.00
1771015212635,11000.00,11400.00,11410.00
1771015212735,11000.00,11400.00,11274.00
1771015212835,11000.00,11400.00,11279.00
1771015212885,11200.00,11200.00,11205.00
1771015212986,11000.00,11200.00,11143.00
1771015213086,11000.00,11400.00,11289.00
1771015213186,11000.00,11400.00,11287.00
1771015213287,11000.00,11200.00,11134.00
1771015213336,11200.00,11200.00,11195.00
